<?xml version="1.0" encoding="UTF-8"?>
<rss version="2.0" xmlns:atom="http://www.w3.org/2005/Atom">
  <channel>
    <title>Jekyll + Materialize = &lt;3</title>
    <description>Just when you didn&#39;t think Jekyll could get any better, it got materialized.</description>
    <link>http://yourdomain.com/</link>
    <atom:link href="http://yourdomain.com/feed.xml" rel="self" type="application/rss+xml"/>
    <pubDate>Wed, 01 Jul 2015 17:41:03 -0400</pubDate>
    <lastBuildDate>Wed, 01 Jul 2015 17:41:03 -0400</lastBuildDate>
    <generator>Jekyll v2.5.3</generator>
    
      <item>
        <title>Welcome to Jekyll!</title>
        <description>&lt;h1 id=&quot;isnt-this-awesome&quot;&gt;&lt;strong&gt;Isn’t this awesome?&lt;/strong&gt;&lt;/h1&gt;

&lt;p&gt;If this doesn’t look right, you’re probably trying to view this page without running &lt;code&gt;jekyll serve&lt;/code&gt; first.&lt;/p&gt;

&lt;p&gt;Oh, btw, code highlighting:&lt;/p&gt;

&lt;div class=&quot;highlight&quot;&gt;&lt;pre&gt;&lt;code class=&quot;language-java&quot; data-lang=&quot;java&quot;&gt;&lt;span class=&quot;kd&quot;&gt;public&lt;/span&gt; &lt;span class=&quot;kd&quot;&gt;static&lt;/span&gt; &lt;span class=&quot;kt&quot;&gt;void&lt;/span&gt; &lt;span class=&quot;nf&quot;&gt;main&lt;/span&gt;&lt;span class=&quot;o&quot;&gt;(&lt;/span&gt;&lt;span class=&quot;n&quot;&gt;String&lt;/span&gt;&lt;span class=&quot;o&quot;&gt;[]&lt;/span&gt; &lt;span class=&quot;n&quot;&gt;args&lt;/span&gt;&lt;span class=&quot;o&quot;&gt;)&lt;/span&gt; &lt;span class=&quot;o&quot;&gt;{&lt;/span&gt;
  &lt;span class=&quot;n&quot;&gt;System&lt;/span&gt;&lt;span class=&quot;o&quot;&gt;.&lt;/span&gt;&lt;span class=&quot;na&quot;&gt;out&lt;/span&gt;&lt;span class=&quot;o&quot;&gt;.&lt;/span&gt;&lt;span class=&quot;na&quot;&gt;println&lt;/span&gt;&lt;span class=&quot;o&quot;&gt;(&lt;/span&gt;&lt;span class=&quot;s&quot;&gt;&amp;quot;Materialize.css + Jekyll = &amp;lt;3&amp;quot;&lt;/span&gt;&lt;span class=&quot;o&quot;&gt;);&lt;/span&gt;
  &lt;span class=&quot;n&quot;&gt;System&lt;/span&gt;&lt;span class=&quot;o&quot;&gt;.&lt;/span&gt;&lt;span class=&quot;na&quot;&gt;out&lt;/span&gt;&lt;span class=&quot;o&quot;&gt;.&lt;/span&gt;&lt;span class=&quot;na&quot;&gt;println&lt;/span&gt;&lt;span class=&quot;o&quot;&gt;(&lt;/span&gt;&lt;span class=&quot;s&quot;&gt;&amp;quot;Curcible is okay too I guess.&amp;quot;&lt;/span&gt;&lt;span class=&quot;o&quot;&gt;);&lt;/span&gt;
&lt;span class=&quot;o&quot;&gt;}&lt;/span&gt;&lt;/code&gt;&lt;/pre&gt;&lt;/div&gt;

</description>
        <pubDate>Wed, 01 Jul 2015 09:33:04 -0400</pubDate>
        <link>http://yourdomain.com/jekyll/update/2015/07/01/welcome-to-jekyll.html</link>
        <guid isPermaLink="true">http://yourdomain.com/jekyll/update/2015/07/01/welcome-to-jekyll.html</guid>
        
        
        <category>jekyll</category>
        
        <category>update</category>
        
      </item>
    
  </channel>
</rss>
